{"loss": 2.3025825023651123, "accuracy": 0.1279, "server_round": 10, "_timestamp": 1711465959.4673736, "_runtime": 83.62099862098694, "_step": 10, "_wandb": {"runtime": 82}}