{"loss": 2.3025848865509033, "accuracy": 0.0982, "server_round": 10, "_timestamp": 1711464917.8846076, "_runtime": 85.61620759963989, "_step": 10, "_wandb": {"runtime": 85}}